{
  "nodes": {
    "model#1": {
      "contentWidth": 350,
      "rfNode": {
        "position": {
          "x": 138,
          "y": 156
        }
      }
    },
    "convert#1": {
      "contentWidth": 360.37967426610385,
      "rfNode": {
        "position": {
          "x": 545.5825677368853,
          "y": 156
        }
      }
    },
    "draw-pdf#2": {
      "contentWidth": 350,
      "rfNode": {
        "position": {
          "x": 1005.5413538153844,
          "y": 653.3067185598453
        }
      }
    },
    "dump-md-file#1": {
      "contentWidth": 350,
      "rfNode": {
        "position": {
          "x": 1005.5413538153844,
          "y": 12.284235652635232
        }
      }
    },
    "dump-content-list-file#1": {
      "contentWidth": 350,
      "rfNode": {
        "position": {
          "x": 1005.5413538153844,
          "y": 328.1023573616472
        }
      }
    },
    "read-file#1": {
      "contentWidth": 350,
      "rfNode": {
        "position": {
          "x": 1409.160425215579,
          "y": 345.1115445190237
        }
      }
    },
    "decode-string#1": {
      "contentWidth": 350,
      "rfNode": {
        "position": {
          "x": 1823.3806836336087,
          "y": 345.1115445190237
        }
      }
    },
    "parse-json#1": {
      "contentWidth": 350,
      "rfNode": {
        "position": {
          "x": 2223.412722004923,
          "y": 345.1115445190237
        }
      }
    }
  }
}