{
  "nodes": {
    "model#1": {
      "contentWidth": 350,
      "rfNode": {
        "position": {
          "x": 138,
          "y": 156
        }
      }
    },
    "convert#1": {
      "contentWidth": 360.37967426610385,
      "rfNode": {
        "position": {
          "x": 547,
          "y": 156
        }
      }
    },
    "draw-pdf#2": {
      "contentWidth": 350,
      "rfNode": {
        "position": {
          "x": 995.6193279735814,
          "y": 31.05395505248788
        }
      }
    },
    "dump-md-file#1": {
      "contentWidth": 350,
      "rfNode": {
        "position": {
          "x": 995.6193279735814,
          "y": 328.3716303272155
        }
      }
    },
    "dump-content-list-file#1": {
      "contentWidth": 350,
      "rfNode": {
        "position": {
          "x": 995.6193279735814,
          "y": 644.1897520362274
        }
      }
    }
  }
}